<?xml version="1.0" encoding="UTF-8"?>
<!DOCTYPE mapper PUBLIC "-//mybatis.org//DTD Mapper 3.0//EN" "http://mybatis.org/dtd/mybatis-3-mapper.dtd">
<mapper namespace="com.qasite.dao.AnswerMapper">
  <resultMap id="BaseResultMap" type="com.qasite.bean.Answer">
    <id column="Id" jdbcType="INTEGER" property="id" />
    <result column="content" jdbcType="VARCHAR" property="content" />
    <result column="replier_id" jdbcType="INTEGER" property="replierId" />
    <result column="question_id" jdbcType="INTEGER" property="questionId" />
    <result column="state" jdbcType="INTEGER" property="state" />
    <result column="time1" jdbcType="TIMESTAMP" property="time1"/>
  </resultMap>
  <sql id="Example_Where_Clause">
    <where>
      <foreach collection="oredCriteria" item="criteria" separator="or">
        <if test="criteria.valid">
          <trim prefix="(" prefixOverrides="and" suffix=")">
            <foreach collection="criteria.criteria" item="criterion">
              <choose>
                <when test="criterion.noValue">
                  and ${criterion.condition}
                </when>
                <when test="criterion.singleValue">
                  and ${criterion.condition} #{criterion.value}
                </when>
                <when test="criterion.betweenValue">
                  and ${criterion.condition} #{criterion.value} and #{criterion.secondValue}
                </when>
                <when test="criterion.listValue">
                  and ${criterion.condition}
                  <foreach close=")" collection="criterion.value" item="listItem" open="(" separator=",">
                    #{listItem}
                  </foreach>
                </when>
              </choose>
            </foreach>
          </trim>
        </if>
      </foreach>
    </where>
  </sql>
  <sql id="Update_By_Example_Where_Clause">
    <where>
      <foreach collection="example.oredCriteria" item="criteria" separator="or">
        <if test="criteria.valid">
          <trim prefix="(" prefixOverrides="and" suffix=")">
            <foreach collection="criteria.criteria" item="criterion">
              <choose>
                <when test="criterion.noValue">
                  and ${criterion.condition}
                </when>
                <when test="criterion.singleValue">
                  and ${criterion.condition} #{criterion.value}
                </when>
                <when test="criterion.betweenValue">
                  and ${criterion.condition} #{criterion.value} and #{criterion.secondValue}
                </when>
                <when test="criterion.listValue">
                  and ${criterion.condition}
                  <foreach close=")" collection="criterion.value" item="listItem" open="(" separator=",">
                    #{listItem}
                  </foreach>
                </when>
              </choose>
            </foreach>
          </trim>
        </if>
      </foreach>
    </where>
  </sql>
  <sql id="Base_Column_List">
    Id, content, replier_id, question_id, state, time1
  </sql>
  <select id="selectByExample" parameterType="com.qasite.bean.AnswerExample" resultMap="BaseResultMap">
    select
    <if test="distinct">
      distinct
    </if>
    <include refid="Base_Column_List" />
    from answer
    <if test="_parameter != null">
      <include refid="Example_Where_Clause" />
    </if>
    <if test="orderByClause != null">
      order by ${orderByClause}
    </if>
  </select>
  <select id="selectByPrimaryKey" parameterType="java.lang.Integer" resultMap="BaseResultMap">
    select 
    <include refid="Base_Column_List" />
    from answer
    where Id = #{id,jdbcType=INTEGER}
  </select>
  <!-- 传入问题的id，返回隶属此问题的所有回复的列表 -->
  <select id="selectByQuestionId" parameterType="java.lang.Integer" resultMap="BaseResultMap">
    select
    <include refid="Base_Column_List" />
    from answer
    where question_id = #{questionId,jdbcType=INTEGER}
  </select>
  <!-- 传入用户id，返回此用户所有的回复内容 -->
  <select id="selectByUserId" parameterType="java.lang.Integer" resultMap="BaseResultMap">
    select
    <include refid="Base_Column_List" />
    from answer
    where replier_id = #{userId,jdbcType=INTEGER}
  </select>
  <delete id="deleteByPrimaryKey" parameterType="java.lang.Integer">
    delete from answer
    where Id = #{id,jdbcType=INTEGER}
  </delete>
  <delete id="deleteByExample" parameterType="com.qasite.bean.AnswerExample">
    delete from answer
    <if test="_parameter != null">
      <include refid="Example_Where_Clause" />
    </if>
  </delete>
  <insert id="insert" parameterType="com.qasite.bean.Answer">
    insert into answer (Id, content, replier_id, 
      question_id, state,time1)
    values (#{id,jdbcType=INTEGER}, #{content,jdbcType=VARCHAR}, #{replierId,jdbcType=INTEGER}, 
      #{questionId,jdbcType=INTEGER}, #{state,jdbcType=INTEGER},#{time1,jdbcType=TIMESTAMP})
  </insert>
  <insert id="insertSelective" parameterType="com.qasite.bean.Answer">
    insert into answer
    <trim prefix="(" suffix=")" suffixOverrides=",">
      <if test="id != null">
        Id,
      </if>
      <if test="content != null">
        content,
      </if>
      <if test="replierId != null">
        replier_id,
      </if>
      <if test="questionId != null">
        question_id,
      </if>
      <if test="state != null">
        state,
      </if>
      <if test="time1 != null">
        time1,
      </if>
    </trim>
    <trim prefix="values (" suffix=")" suffixOverrides=",">
      <if test="id != null">
        #{id,jdbcType=INTEGER},
      </if>
      <if test="content != null">
        #{content,jdbcType=VARCHAR},
      </if>
      <if test="replierId != null">
        #{replierId,jdbcType=INTEGER},
      </if>
      <if test="questionId != null">
        #{questionId,jdbcType=INTEGER},
      </if>
      <if test="state != null">
        #{state,jdbcType=INTEGER},
      </if>
      <if test="state != null">
        #{time1,jdbcType=TIMESTAMP},
      </if>
    </trim>
  </insert>
  <select id="countByExample" parameterType="com.qasite.bean.AnswerExample" resultType="java.lang.Long">
    select count(*) from answer
    <if test="_parameter != null">
      <include refid="Example_Where_Clause" />
    </if>
  </select>
  <update id="updateByExampleSelective" parameterType="map">
    update answer
    <set>
      <if test="record.id != null">
        Id = #{record.id,jdbcType=INTEGER},
      </if>
      <if test="record.content != null">
        content = #{record.content,jdbcType=VARCHAR},
      </if>
      <if test="record.replierId != null">
        replier_id = #{record.replierId,jdbcType=INTEGER},
      </if>
      <if test="record.questionId != null">
        question_id = #{record.questionId,jdbcType=INTEGER},
      </if>
      <if test="record.state != null">
        state = #{record.state,jdbcType=INTEGER},
      </if>
      <if test="record.time1 != null">
        time1 = #{record.time1,jdbcType=TIMESTAMP},
      </if>
    </set>
    <if test="_parameter != null">
      <include refid="Update_By_Example_Where_Clause" />
    </if>
  </update>
  <update id="updateByExample" parameterType="map">
    update answer
    set Id = #{record.id,jdbcType=INTEGER},
      content = #{record.content,jdbcType=VARCHAR},
      replier_id = #{record.replierId,jdbcType=INTEGER},
      question_id = #{record.questionId,jdbcType=INTEGER},
      state = #{record.state,jdbcType=INTEGER},
      time1 = #{record.time1,jdbcType=TIMESTAMP},
    <if test="_parameter != null">
      <include refid="Update_By_Example_Where_Clause" />
    </if>
  </update>
  <update id="updateByPrimaryKeySelective" parameterType="com.qasite.bean.Answer">
    update answer
    <set>
      <if test="content != null">
        content = #{content,jdbcType=VARCHAR},
      </if>
      <if test="replierId != null">
        replier_id = #{replierId,jdbcType=INTEGER},
      </if>
      <if test="questionId != null">
        question_id = #{questionId,jdbcType=INTEGER},
      </if>
      <if test="state != null">
        state = #{state,jdbcType=INTEGER},
      </if>
      <if test="time1 != null">
        time1 = #{time1,jdbcType=TIMESTAMP},
      </if>
    </set>
    where Id = #{id,jdbcType=INTEGER}
  </update>
  <update id="updateByPrimaryKey" parameterType="com.qasite.bean.Answer">
    update answer
    set content = #{content,jdbcType=VARCHAR},
      replier_id = #{replierId,jdbcType=INTEGER},
      question_id = #{questionId,jdbcType=INTEGER},
      state = #{state,jdbcType=INTEGER},
      time1 = #{time1,jdbcType=TIMESTAMP}
    where Id = #{id,jdbcType=INTEGER}
  </update>
</mapper>