<?xml version="1.0" encoding="UTF-8"?>
<!DOCTYPE mapper PUBLIC "-//mybatis.org//DTD Mapper 3.0//EN" "http://mybatis.org/dtd/mybatis-3-mapper.dtd">
<mapper namespace="com.qasite.dao.QuestionMapper">
  <resultMap id="BaseResultMap" type="com.qasite.bean.Question">
    <id column="Id" jdbcType="INTEGER" property="id" />
    <result column="time1" jdbcType="TIMESTAMP" property="time1" />
    <result column="description" jdbcType="VARCHAR" property="description" />
    <result column="title" jdbcType="VARCHAR" property="title" />
    <result column="ariser_id" jdbcType="INTEGER" property="ariserId" />
    <result column="points" jdbcType="INTEGER" property="points" />
    <result column="answers" jdbcType="INTEGER" property="answers" />
    <result column="states" jdbcType="INTEGER" property="states" />
    <result column="label1" jdbcType="VARCHAR" property="label1" />
    <result column="label2" jdbcType="VARCHAR" property="label2" />
    <result column="label3" jdbcType="VARCHAR" property="label3" />
  </resultMap>
  <sql id="Example_Where_Clause">
    <where>
      <foreach collection="oredCriteria" item="criteria" separator="or">
        <if test="criteria.valid">
          <trim prefix="(" prefixOverrides="and" suffix=")">
            <foreach collection="criteria.criteria" item="criterion">
              <choose>
                <when test="criterion.noValue">
                  and ${criterion.condition}
                </when>
                <when test="criterion.singleValue">
                  and ${criterion.condition} #{criterion.value}
                </when>
                <when test="criterion.betweenValue">
                  and ${criterion.condition} #{criterion.value} and #{criterion.secondValue}
                </when>
                <when test="criterion.listValue">
                  and ${criterion.condition}
                  <foreach close=")" collection="criterion.value" item="listItem" open="(" separator=",">
                    #{listItem}
                  </foreach>
                </when>
              </choose>
            </foreach>
          </trim>
        </if>
      </foreach>
    </where>
  </sql>
  <sql id="Update_By_Example_Where_Clause">
    <where>
      <foreach collection="example.oredCriteria" item="criteria" separator="or">
        <if test="criteria.valid">
          <trim prefix="(" prefixOverrides="and" suffix=")">
            <foreach collection="criteria.criteria" item="criterion">
              <choose>
                <when test="criterion.noValue">
                  and ${criterion.condition}
                </when>
                <when test="criterion.singleValue">
                  and ${criterion.condition} #{criterion.value}
                </when>
                <when test="criterion.betweenValue">
                  and ${criterion.condition} #{criterion.value} and #{criterion.secondValue}
                </when>
                <when test="criterion.listValue">
                  and ${criterion.condition}
                  <foreach close=")" collection="criterion.value" item="listItem" open="(" separator=",">
                    #{listItem}
                  </foreach>
                </when>
              </choose>
            </foreach>
          </trim>
        </if>
      </foreach>
    </where>
  </sql>
  <sql id="Base_Column_List">
    Id, time1, description, title, ariser_id, points, answers, states, label1, label2, 
    label3
  </sql>
  <select id="selectByExample" parameterType="com.qasite.bean.QuestionExample" resultMap="BaseResultMap">
    select
    <if test="distinct">
      distinct
    </if>
    <include refid="Base_Column_List" />
    from question
    <if test="_parameter != null">
      <include refid="Example_Where_Clause" />
    </if>
    <if test="orderByClause != null">
      order by ${orderByClause}
    </if>
  </select>
  <select id="selectAriserid" parameterType="java.lang.Integer" resultMap="BaseResultMap">
    SELECT Id,title,time1,states,answers
    from  question
    where ariser_id=#{ariser_id}
  </select>
  <select id="selectByPrimaryKey" parameterType="java.lang.Integer" resultMap="BaseResultMap">
    select 
    <include refid="Base_Column_List" />
    from question
    where Id = #{id,jdbcType=INTEGER}
  </select>
  <delete id="deleteByPrimaryKey" parameterType="java.lang.Integer">
    delete from question
    where Id = #{id,jdbcType=INTEGER}
  </delete>
  <delete id="deleteByExample" parameterType="com.qasite.bean.QuestionExample">
    delete from question
    <if test="_parameter != null">
      <include refid="Example_Where_Clause" />
    </if>
  </delete>
  <insert id="insert" parameterType="com.qasite.bean.Question">
    insert into question (Id, time1, description, 
      title, ariser_id, points, 
      answers, states, label1, 
      label2, label3)
    values (#{id,jdbcType=INTEGER}, #{time1,jdbcType=TIMESTAMP}, #{description,jdbcType=VARCHAR}, 
      #{title,jdbcType=VARCHAR}, #{ariserId,jdbcType=INTEGER}, #{points,jdbcType=INTEGER}, 
      #{answers,jdbcType=INTEGER}, #{states,jdbcType=INTEGER}, #{label1,jdbcType=VARCHAR}, 
      #{label2,jdbcType=VARCHAR}, #{label3,jdbcType=VARCHAR})
  </insert>
  <insert id="insertSelective" parameterType="com.qasite.bean.Question">
    insert into question
    <trim prefix="(" suffix=")" suffixOverrides=",">
      <if test="id != null">
        Id,
      </if>
      <if test="time1 != null">
        time1,
      </if>
      <if test="description != null">
        description,
      </if>
      <if test="title != null">
        title,
      </if>
      <if test="ariserId != null">
        ariser_id,
      </if>
      <if test="points != null">
        points,
      </if>
      <if test="answers != null">
        answers,
      </if>
      <if test="states != null">
        states,
      </if>
      <if test="label1 != null">
        label1,
      </if>
      <if test="label2 != null">
        label2,
      </if>
      <if test="label3 != null">
        label3,
      </if>
    </trim>
    <trim prefix="values (" suffix=")" suffixOverrides=",">
      <if test="id != null">
        #{id,jdbcType=INTEGER},
      </if>
      <if test="time1 != null">
        #{time1,jdbcType=TIMESTAMP},
      </if>
      <if test="description != null">
        #{description,jdbcType=VARCHAR},
      </if>
      <if test="title != null">
        #{title,jdbcType=VARCHAR},
      </if>
      <if test="ariserId != null">
        #{ariserId,jdbcType=INTEGER},
      </if>
      <if test="points != null">
        #{points,jdbcType=INTEGER},
      </if>
      <if test="answers != null">
        #{answers,jdbcType=INTEGER},
      </if>
      <if test="states != null">
        #{states,jdbcType=INTEGER},
      </if>
      <if test="label1 != null">
        #{label1,jdbcType=VARCHAR},
      </if>
      <if test="label2 != null">
        #{label2,jdbcType=VARCHAR},
      </if>
      <if test="label3 != null">
        #{label3,jdbcType=VARCHAR},
      </if>
    </trim>
  </insert>
  <select id="countByExample" parameterType="com.qasite.bean.QuestionExample" resultType="java.lang.Long">
    select count(*) from question
    <if test="_parameter != null">
      <include refid="Example_Where_Clause" />
    </if>
  </select>
  <update id="updateByExampleSelective" parameterType="map">
    update question
    <set>
      <if test="record.id != null">
        Id = #{record.id,jdbcType=INTEGER},
      </if>
      <if test="record.time1 != null">
        time1 = #{record.time1,jdbcType=TIMESTAMP},
      </if>
      <if test="record.description != null">
        description = #{record.description,jdbcType=VARCHAR},
      </if>
      <if test="record.title != null">
        title = #{record.title,jdbcType=VARCHAR},
      </if>
      <if test="record.ariserId != null">
        ariser_id = #{record.ariserId,jdbcType=INTEGER},
      </if>
      <if test="record.points != null">
        points = #{record.points,jdbcType=INTEGER},
      </if>
      <if test="record.answers != null">
        answers = #{record.answers,jdbcType=INTEGER},
      </if>
      <if test="record.states != null">
        states = #{record.states,jdbcType=INTEGER},
      </if>
      <if test="record.label1 != null">
        label1 = #{record.label1,jdbcType=VARCHAR},
      </if>
      <if test="record.label2 != null">
        label2 = #{record.label2,jdbcType=VARCHAR},
      </if>
      <if test="record.label3 != null">
        label3 = #{record.label3,jdbcType=VARCHAR},
      </if>
    </set>
    <if test="_parameter != null">
      <include refid="Update_By_Example_Where_Clause" />
    </if>
  </update>
  <update id="updateByExample" parameterType="map">
    update question
    set Id = #{record.id,jdbcType=INTEGER},
      time1 = #{record.time1,jdbcType=TIMESTAMP},
      description = #{record.description,jdbcType=VARCHAR},
      title = #{record.title,jdbcType=VARCHAR},
      ariser_id = #{record.ariserId,jdbcType=INTEGER},
      points = #{record.points,jdbcType=INTEGER},
      answers = #{record.answers,jdbcType=INTEGER},
      states = #{record.states,jdbcType=INTEGER},
      label1 = #{record.label1,jdbcType=VARCHAR},
      label2 = #{record.label2,jdbcType=VARCHAR},
      label3 = #{record.label3,jdbcType=VARCHAR}
    <if test="_parameter != null">
      <include refid="Update_By_Example_Where_Clause" />
    </if>
  </update>
  <update id="updateByPrimaryKeySelective" parameterType="com.qasite.bean.Question">
    update question
    <set>
      <if test="time1 != null">
        time1 = #{time1,jdbcType=TIMESTAMP},
      </if>
      <if test="description != null">
        description = #{description,jdbcType=VARCHAR},
      </if>
      <if test="title != null">
        title = #{title,jdbcType=VARCHAR},
      </if>
      <if test="ariserId != null">
        ariser_id = #{ariserId,jdbcType=INTEGER},
      </if>
      <if test="points != null">
        points = #{points,jdbcType=INTEGER},
      </if>
      <if test="answers != null">
        answers = #{answers,jdbcType=INTEGER},
      </if>
      <if test="states != null">
        states = #{states,jdbcType=INTEGER},
      </if>
      <if test="label1 != null">
        label1 = #{label1,jdbcType=VARCHAR},
      </if>
      <if test="label2 != null">
        label2 = #{label2,jdbcType=VARCHAR},
      </if>
      <if test="label3 != null">
        label3 = #{label3,jdbcType=VARCHAR},
      </if>
    </set>
    where Id = #{id,jdbcType=INTEGER}
  </update>
  <update id="updateByPrimaryKey" parameterType="com.qasite.bean.Question">
    update question
    set time1 = #{time1,jdbcType=TIMESTAMP},
      description = #{description,jdbcType=VARCHAR},
      title = #{title,jdbcType=VARCHAR},
      ariser_id = #{ariserId,jdbcType=INTEGER},
      points = #{points,jdbcType=INTEGER},
      answers = #{answers,jdbcType=INTEGER},
      states = #{states,jdbcType=INTEGER},
      label1 = #{label1,jdbcType=VARCHAR},
      label2 = #{label2,jdbcType=VARCHAR},
      label3 = #{label3,jdbcType=VARCHAR}
    where Id = #{id,jdbcType=INTEGER}
  </update>
  <!-- 在数据库中使用一套关键词列表查询相关问题，返回一个问题的ArrayList -->
  <select id="selectByKeywords" parameterType="java.util.LinkedList" resultMap="BaseResultMap">
    select * from question
    <if test="list != null">
      <where>
        1
        <foreach collection="list" index="index" item="key" open="" separator=" " close="">
          <if test="key != null and key != ''">
            AND title LIKE '%${key}%'
          </if>
        </foreach>
      </where>
    </if>
  </select>
  <!-- 使用关键词列表查询，并借助上次的查询结果排除已经得到的问题，返回一个问题的ArrayList -->
  <select id="selectByKeywordsAndOlds" resultMap="BaseResultMap">
    select * from question
    <if test="keys != null">
      <where>
        1
        <if test="oldResult != null and oldResult.size > 0">
          AND
          Id not in
          <foreach item="item" index="index" collection="oldResult" open="(" separator="," close=")">
            '${item.id}'
          </foreach>
        </if >
        <foreach item="key" index="index" collection="keys" open="" separator=" " close="">
          <if test="key != null and key != ''">
            AND title LIKE '%${key}%'
          </if>
        </foreach>
      </where>
    </if>
  </select>
</mapper>