<?xml version="1.0" encoding="UTF-8"?>
<!DOCTYPE mapper PUBLIC "-//mybatis.org//DTD Mapper 3.0//EN" "http://mybatis.org/dtd/mybatis-3-mapper.dtd">
<mapper namespace="com.qasite.dao.UserMapper">
  <resultMap id="BaseResultMap" type="com.qasite.bean.User">
    <id column="Id" jdbcType="INTEGER" property="id" />
    <result column="user_name" jdbcType="VARCHAR" property="userName" />
    <result column="password" jdbcType="VARCHAR" property="password" />
    <result column="gender" jdbcType="VARCHAR" property="gender" />
    <result column="email" jdbcType="VARCHAR" property="email" />
    <result column="type" jdbcType="VARCHAR" property="type" />
    <result column="reg_time" jdbcType="TIMESTAMP" property="regTime" />
    <result column="credit" jdbcType="INTEGER" property="credit" />
    <result column="states" jdbcType="TIMESTAMP" property="states" />
    <result column="rank" jdbcType="INTEGER" property="rank" />
  </resultMap>
  <sql id="Example_Where_Clause">
    <where>
      <foreach collection="oredCriteria" item="criteria" separator="or">
        <if test="criteria.valid">
          <trim prefix="(" prefixOverrides="and" suffix=")">
            <foreach collection="criteria.criteria" item="criterion">
              <choose>
                <when test="criterion.noValue">
                  and ${criterion.condition}
                </when>
                <when test="criterion.singleValue">
                  and ${criterion.condition} #{criterion.value}
                </when>
                <when test="criterion.betweenValue">
                  and ${criterion.condition} #{criterion.value} and #{criterion.secondValue}
                </when>
                <when test="criterion.listValue">
                  and ${criterion.condition}
                  <foreach close=")" collection="criterion.value" item="listItem" open="(" separator=",">
                    #{listItem}
                  </foreach>
                </when>
              </choose>
            </foreach>
          </trim>
        </if>
      </foreach>
    </where>
  </sql>
  <sql id="Update_By_Example_Where_Clause">
    <where>
      <foreach collection="example.oredCriteria" item="criteria" separator="or">
        <if test="criteria.valid">
          <trim prefix="(" prefixOverrides="and" suffix=")">
            <foreach collection="criteria.criteria" item="criterion">
              <choose>
                <when test="criterion.noValue">
                  and ${criterion.condition}
                </when>
                <when test="criterion.singleValue">
                  and ${criterion.condition} #{criterion.value}
                </when>
                <when test="criterion.betweenValue">
                  and ${criterion.condition} #{criterion.value} and #{criterion.secondValue}
                </when>
                <when test="criterion.listValue">
                  and ${criterion.condition}
                  <foreach close=")" collection="criterion.value" item="listItem" open="(" separator=",">
                    #{listItem}
                  </foreach>
                </when>
              </choose>
            </foreach>
          </trim>
        </if>
      </foreach>
    </where>
  </sql>
  <sql id="Base_Column_List">
    Id, user_name, password, gender, email, type, reg_time, credit, states, rank
  </sql>
  <select id="selectByEmail" parameterType="java.lang.String" resultMap="BaseResultMap">
    select
    <include refid="Base_Column_List" />
    from user
    where email = #{email}
  </select>
  <select id="selectByUsername" parameterType="java.lang.String" resultMap="BaseResultMap">
    select id,user_name
    from user
    where user_name = #{user_name}
  </select>
  <select id="selectByExample" parameterType="com.qasite.bean.UserExample" resultMap="BaseResultMap">
    select
    <if test="distinct">
      distinct
    </if>
    <include refid="Base_Column_List" />
    from user
    <if test="_parameter != null">
      <include refid="Example_Where_Clause" />
    </if>
    <if test="orderByClause != null">
      order by ${orderByClause}
    </if>
  </select>
  <select id="selectByPrimaryKey" parameterType="java.lang.Integer" resultMap="BaseResultMap">
    select 
    <include refid="Base_Column_List" />
    from user
    where Id = #{id,jdbcType=INTEGER}
  </select>
  <delete id="deleteByPrimaryKey" parameterType="java.lang.Integer">
    delete from user
    where Id = #{id,jdbcType=INTEGER}
  </delete>
  <delete id="deleteByExample" parameterType="com.qasite.bean.UserExample">
    delete from user
    <if test="_parameter != null">
      <include refid="Example_Where_Clause" />
    </if>
  </delete>
  <insert id="insert" parameterType="com.qasite.bean.User">
    insert into user (Id, user_name, password, 
      gender, email, type, 
      reg_time, credit, states,
      rank)
    values (#{id,jdbcType=INTEGER}, #{userName,jdbcType=VARCHAR}, #{password,jdbcType=VARCHAR}, 
      #{gender,jdbcType=VARCHAR}, #{email,jdbcType=VARCHAR}, #{type,jdbcType=VARCHAR}, 
      #{regTime,jdbcType=TIMESTAMP}, #{credit,jdbcType=INTEGER}, #{states,jdbcType=TIMESTAMP},
      #{rank,jdbcType=INTEGER})
  </insert>
  <insert id="insertSelective" parameterType="com.qasite.bean.User">
    insert into user
    <trim prefix="(" suffix=")" suffixOverrides=",">
      <if test="id != null">
        Id,
      </if>
      <if test="userName != null">
        user_name,
      </if>
      <if test="password != null">
        password,
      </if>
      <if test="gender != null">
        gender,
      </if>
      <if test="email != null">
        email,
      </if>
      <if test="type != null">
        type,
      </if>
      <if test="regTime != null">
        reg_time,
      </if>
      <if test="credit != null">
        credit,
      </if>
      <if test="states != null">
        states,
      </if>
      <if test="rank != null">
        rank,
      </if>
    </trim>
    <trim prefix="values (" suffix=")" suffixOverrides=",">
      <if test="id != null">
        #{id,jdbcType=INTEGER},
      </if>
      <if test="userName != null">
        #{userName,jdbcType=VARCHAR},
      </if>
      <if test="password != null">
        #{password,jdbcType=VARCHAR},
      </if>
      <if test="gender != null">
        #{gender,jdbcType=VARCHAR},
      </if>
      <if test="email != null">
        #{email,jdbcType=VARCHAR},
      </if>
      <if test="type != null">
        #{type,jdbcType=VARCHAR},
      </if>
      <if test="regTime != null">
        #{regTime,jdbcType=TIMESTAMP},
      </if>
      <if test="credit != null">
        #{credit,jdbcType=INTEGER},
      </if>
      <if test="states != null">
        #{states,jdbcType=TIMESTAMP},
      </if>
      <if test="rank != null">
        #{rank,jdbcType=INTEGER},
      </if>
    </trim>
  </insert>
  <select id="countByExample" parameterType="com.qasite.bean.UserExample" resultType="java.lang.Long">
    select count(*) from user
    <if test="_parameter != null">
      <include refid="Example_Where_Clause" />
    </if>
  </select>
  <update id="updateByExampleSelective" parameterType="map">
    update user
    <set>
      <if test="record.id != null">
        Id = #{record.id,jdbcType=INTEGER},
      </if>
      <if test="record.userName != null">
        user_name = #{record.userName,jdbcType=VARCHAR},
      </if>
      <if test="record.password != null">
        password = #{record.password,jdbcType=VARCHAR},
      </if>
      <if test="record.gender != null">
        gender = #{record.gender,jdbcType=VARCHAR},
      </if>
      <if test="record.email != null">
        email = #{record.email,jdbcType=VARCHAR},
      </if>
      <if test="record.type != null">
        type = #{record.type,jdbcType=VARCHAR},
      </if>
      <if test="record.regTime != null">
        reg_time = #{record.regTime,jdbcType=TIMESTAMP},
      </if>
      <if test="record.credit != null">
        credit = #{record.credit,jdbcType=INTEGER},
      </if>
      <if test="record.states != null">
        states = #{record.states,jdbcType=TIMESTAMP},
      </if>
      <if test="record.rank != null">
        rank = #{record.rank,jdbcType=INTEGER},
      </if>
    </set>
    <if test="_parameter != null">
      <include refid="Update_By_Example_Where_Clause" />
    </if>
  </update>
  <update id="updateByExample" parameterType="map">
    update user
    set Id = #{record.id,jdbcType=INTEGER},
      user_name = #{record.userName,jdbcType=VARCHAR},
      password = #{record.password,jdbcType=VARCHAR},
      gender = #{record.gender,jdbcType=VARCHAR},
      email = #{record.email,jdbcType=VARCHAR},
      type = #{record.type,jdbcType=VARCHAR},
      reg_time = #{record.regTime,jdbcType=TIMESTAMP},
      credit = #{record.credit,jdbcType=INTEGER},
      states = #{record.states,jdbcType=TIMESTAMP},
      rank = #{record.rank,jdbcType=INTEGER}
    <if test="_parameter != null">
      <include refid="Update_By_Example_Where_Clause" />
    </if>
  </update>
  <update id="updateByPrimaryKeySelective" parameterType="com.qasite.bean.User">
    update user
    <set>
      <if test="userName != null">
        user_name = #{userName,jdbcType=VARCHAR},
      </if>
      <if test="password != null">
        password = #{password,jdbcType=VARCHAR},
      </if>
      <if test="gender != null">
        gender = #{gender,jdbcType=VARCHAR},
      </if>
      <if test="email != null">
        email = #{email,jdbcType=VARCHAR},
      </if>
      <if test="type != null">
        type = #{type,jdbcType=VARCHAR},
      </if>
      <if test="regTime != null">
        reg_time = #{regTime,jdbcType=TIMESTAMP},
      </if>
      <if test="credit != null">
        credit = #{credit,jdbcType=INTEGER},
      </if>
      <if test="states != null">
        states = #{states,jdbcType=TIMESTAMP},
      </if>
      <if test="rank != null">
        rank = #{rank,jdbcType=INTEGER},
      </if>
    </set>
    where Id = #{id,jdbcType=INTEGER}
  </update>
  <update id="updateByPrimaryKey" parameterType="com.qasite.bean.User">
    update user
    set user_name = #{userName,jdbcType=VARCHAR},
      password = #{password,jdbcType=VARCHAR},
      gender = #{gender,jdbcType=VARCHAR},
      email = #{email,jdbcType=VARCHAR},
      type = #{type,jdbcType=VARCHAR},
      reg_time = #{regTime,jdbcType=TIMESTAMP},
      credit = #{credit,jdbcType=INTEGER},
      states = #{states,jdbcType=TIMESTAMP},
      rank = #{rank,jdbcType=INTEGER}
    where Id = #{id,jdbcType=INTEGER}
  </update>
</mapper>