<?xml version="1.0" encoding="UTF-8"?>
<beans xmlns="http://www.springframework.org/schema/beans"
	xmlns:xsi="http://www.w3.org/2001/XMLSchema-instance" xmlns:p="http://www.springframework.org/schema/p"
	xmlns:context="http://www.springframework.org/schema/context"
	xmlns:mvc="http://www.springframework.org/schema/mvc"
	xsi:schemaLocation="http://www.springframework.org/schema/beans http://www.springframework.org/schema/beans/spring-beans-4.0.xsd
        http://www.springframework.org/schema/mvc http://www.springframework.org/schema/mvc/spring-mvc-4.0.xsd
        http://www.springframework.org/schema/context http://www.springframework.org/schema/context/spring-context-4.0.xsd">
	<!-- 跳转逻辑的配置 -->
	<!-- 扫描业务逻辑组件，配置组件扫描器，注解式使用，只扫描控制器-->
	<context:component-scan base-package="com.qasite.controller" />

	<!-- 在spring配置文件引入这个标签之后，表示读取项目中的properties文件 -->
	<context:property-placeholder location="classpath:*.properties" />
	
	<!-- 2.配置视图解析器 -->
	<bean class="org.springframework.web.servlet.view.InternalResourceViewResolver">
		<!-- 前缀 -->
		<property name="prefix" value="/" />
		<!-- 后缀 -->
		<property name="suffix" value=".jsp" />
	</bean>
	<!-- 两个标准配置 -->
	<!-- 把spirngmvc不能处理的请求交给tomcat 比如静态资源图片等-->
	<mvc:default-servlet-handler/>
	
	<!-- 配置注解驱动 映射动态请求 支持springmvc一些高级功能，比如JSR303校验，快捷AJAX请求-->
	<mvc:annotation-driven/>
</beans>